{"cameraMode":{"drawMode":0,"name":"Shaded","section":"Shading Mode"},"sceneLighting":false,"audioPlay":false,"sceneViewState":{"showFog":true,"showMaterialUpdate":true,"showSkybox":false,"showFlares":true,"showImageEffects":true,"showParticleSystems":true},"in2DMode":false,"pivot":{"x":-0.06414341926574707,"y":0.9084783792495728,"z":0.13861608505249024},"rotation":{"x":0.030293554067611696,"y":-0.028172999620437623,"z":0.000859252002555877,"w":0.9991559386253357},"size":9.333810806274414,"orthographic":false}