{"cameraMode":{"drawMode":0,"name":"Shaded","section":"Shading Mode"},"sceneLighting":false,"audioPlay":false,"sceneViewState":{"showFog":true,"showMaterialUpdate":true,"showSkybox":false,"showFlares":true,"showImageEffects":true,"showParticleSystems":true},"in2DMode":false,"pivot":{"x":-3.6081132888793947,"y":4.29489803314209,"z":-1.2685737609863282},"rotation":{"x":-0.10645321011543274,"y":0.4785705506801605,"z":-0.05858505144715309,"w":-0.8696054220199585},"size":9.333813667297364,"orthographic":false}