{"cameraMode":{"drawMode":0,"name":"Shaded","section":"Shading Mode"},"sceneLighting":false,"audioPlay":false,"sceneViewState":{"showFog":true,"showMaterialUpdate":true,"showSkybox":false,"showFlares":true,"showImageEffects":true,"showParticleSystems":true},"in2DMode":false,"pivot":{"x":1.0335525274276734,"y":-1.0399999618530274,"z":-0.7390000224113464},"rotation":{"x":-0.10645321011543274,"y":0.4785705506801605,"z":-0.05858505144715309,"w":-0.8696054220199585},"size":22.0,"orthographic":false}