{"cameraMode":{"drawMode":0,"name":"Shaded","section":"Shading Mode"},"sceneLighting":false,"audioPlay":false,"sceneViewState":{"showFog":true,"showMaterialUpdate":true,"showSkybox":true,"showFlares":true,"showImageEffects":true,"showParticleSystems":true},"in2DMode":false,"pivot":{"x":-27.72129249572754,"y":-1.0701408386230469,"z":21.667293548583986},"rotation":{"x":0.23129799962043763,"y":-0.43034350872039797,"z":0.1150905191898346,"w":0.8649206161499023},"size":50.97874069213867,"orthographic":false}